Tanggal,DXY_Index,Harga_Emas,Kurs_USDIDR,IHSG_Index,BI_Rate
2024-06-24,105.47000122070312,2330.0,16443.0,6889.1650390625,5.75
2024-06-25,105.61000061035156,2316.60009765625,16394.099609375,6882.7041015625,5.75
2024-06-26,106.05000305175781,2299.199951171875,16401.0,6905.64208984375,5.75
2024-06-27,105.91000366210938,2324.5,16434.0,6967.951171875,5.75
2024-06-28,105.87000274658203,2327.699951171875,16374.400390625,7063.5771484375,5.75
2024-07-01,105.9000015258789,2327.60009765625,16343.0,7139.6259765625,5.75
2024-07-02,105.72000122070312,2323.0,16390.0,7125.14208984375,5.75
2024-07-03,105.4000015258789,2359.800048828125,16391.0,7196.7548828125,5.75
2024-07-05,104.87999725341797,2388.5,16328.5,7253.3720703125,5.75
2024-07-08,105.01000213623047,2355.199951171875,16245.0,7250.97705078125,5.75
2024-07-09,105.12000274658203,2360.10009765625,16277.2001953125,7269.80078125,5.75
2024-07-10,105.05000305175781,2372.199951171875,16277.0,7287.0419921875,5.75
2024-07-11,104.44000244140625,2415.0,16198.0,7300.4072265625,5.75
2024-07-12,104.08999633789062,2414.0,16104.0,7327.580078125,5.75
2024-07-15,104.19000244140625,2422.89990234375,16108.0,7278.86279296875,5.75
2024-07-16,104.2699966430664,2462.39990234375,16195.0,7224.29296875,5.75
2024-07-17,103.75,2454.800048828125,16173.0,7224.2177734375,5.75
2024-07-18,104.16999816894531,2451.800048828125,16138.0,7321.07080078125,5.75
2024-07-19,104.4000015258789,2395.5,16185.0,7294.4951171875,5.75
2024-07-22,104.30999755859375,2392.0,16206.0,7321.97607421875,5.75
2024-07-23,104.44999694824219,2404.60009765625,16220.2001953125,7313.85693359375,5.75
2024-07-24,104.38999938964844,2413.300048828125,16222.0,7262.7587890625,5.75
2024-07-25,104.36000061035156,2351.89990234375,16246.0,7240.27685546875,5.75
2024-07-26,104.31999969482422,2380.0,16337.7998046875,7288.1669921875,5.75
2024-07-29,104.55999755859375,2377.300048828125,16283.0,7288.89697265625,5.75
2024-07-30,104.55000305175781,2405.0,16301.7001953125,7241.86376953125,5.75
2024-07-31,104.0999984741211,2426.5,16328.5,7255.76220703125,5.75
2024-08-01,104.41999816894531,2435.0,16255.0,7325.98486328125,5.75
2024-08-02,103.20999908447266,2425.699951171875,16281.0,7308.123046875,5.75
2024-08-05,102.69000244140625,2401.699951171875,16012.0,7059.65283203125,5.75
2024-08-06,102.97000122070312,2389.10009765625,16208.0,7129.21484375,5.75
2024-08-07,103.19999694824219,2390.5,16152.2998046875,7212.130859375,5.75
2024-08-08,103.20999908447266,2422.199951171875,16023.0,7195.12109375,5.75
2024-08-09,103.13999938964844,2432.10009765625,15979.0,7256.99609375,5.75
2024-08-12,103.13999938964844,2462.39990234375,15918.0,7297.625,5.75
2024-08-13,102.55999755859375,2466.699951171875,15949.099609375,7356.63818359375,5.75
2024-08-14,102.56999969482422,2439.39990234375,15749.0,7436.0390625,5.75
2024-08-15,102.9800033569336,2453.10009765625,15619.5,7409.5009765625,5.75
2024-08-16,102.45999908447266,2498.60009765625,15755.0,7432.08984375,5.75
2024-08-19,101.88999938964844,2501.800048828125,15683.0,7466.8310546875,5.75
2024-08-20,101.44000244140625,2511.300048828125,15523.0,7533.98486328125,5.75
2024-08-21,101.04000091552734,2508.39990234375,15442.0,7554.5927734375,5.75
2024-08-22,101.51000213623047,2478.89990234375,15484.0,7488.67578125,5.75
2024-08-23,100.72000122070312,2508.39990234375,15728.5,7544.2978515625,5.75
2024-08-26,100.8499984741211,2517.699951171875,15377.2001953125,7606.19482421875,5.75
2024-08-27,100.55000305175781,2516.0,15462.599609375,7597.880859375,5.75
2024-08-28,101.08999633789062,2501.0,15467.099609375,7658.875,5.75
2024-08-29,101.33999633789062,2525.699951171875,15440.0,7627.60400390625,5.75
2024-08-30,101.69999694824219,2493.800048828125,15444.7998046875,7670.73291015625,5.75
2024-09-03,101.83000183105469,2489.89990234375,15520.099609375,7616.52099609375,5.75
2024-09-04,101.36000061035156,2493.39990234375,15532.900390625,7672.89599609375,5.75
2024-09-05,101.11000061035156,2511.39990234375,15444.400390625,7681.04296875,5.75
2024-09-06,101.18000030517578,2493.5,15417.0,7721.84619140625,5.75
2024-09-09,101.55000305175781,2501.800048828125,15405.0,7702.73876953125,5.75
2024-09-10,101.62999725341797,2512.300048828125,15456.7998046875,7761.38818359375,5.75
2024-09-11,101.68000030517578,2512.10009765625,15489.0,7760.955078125,5.75
2024-09-12,101.37000274658203,2551.199951171875,15437.0,7798.15380859375,5.75
2024-09-13,101.11000061035156,2581.300048828125,15418.7001953125,7812.130859375,5.75
2024-09-17,100.88999938964844,2564.300048828125,15385.0,7831.77880859375,5.75
2024-09-18,100.5999984741211,2570.699951171875,15345.0,7829.134765625,5.75
2024-09-19,100.61000061035156,2588.0,15300.2001953125,7905.39013671875,5.75
2024-09-20,100.72000122070312,2619.89990234375,15197.599609375,7743.00390625,5.75
2024-09-23,100.91999816894531,2626.5,15154.0,7775.73095703125,5.75
2024-09-24,100.37000274658203,2651.199951171875,15174.099609375,7778.4912109375,5.75
2024-09-25,100.91999816894531,2659.199951171875,15121.099609375,7740.90185546875,5.75
2024-09-26,100.55999755859375,2669.89990234375,15201.5,7744.51611328125,5.75
2024-09-27,100.41999816894531,2644.300048828125,15070.0,7696.916015625,5.75
2024-09-30,100.77999877929688,2636.10009765625,15118.0,7527.92919921875,5.75
2024-10-01,101.19000244140625,2667.300048828125,15170.599609375,7642.1328125,5.75
2024-10-02,101.68000030517578,2647.10009765625,15260.599609375,7563.26220703125,5.75
2024-10-03,101.98999786376953,2657.10009765625,15324.0,7543.828125,5.75
2024-10-04,102.5199966430664,2645.800048828125,15457.0,7496.0908203125,5.75
2024-10-07,102.54000091552734,2644.800048828125,15650.0,7504.134765625,5.75
2024-10-08,102.55000305175781,2615.0,15744.0,7557.14208984375,5.75
2024-10-09,102.93000030517578,2606.0,15682.400390625,7501.28515625,5.75
2024-10-10,102.98999786376953,2620.60009765625,15664.599609375,7480.080078125,5.75
2024-10-11,102.88999938964844,2657.60009765625,15670.900390625,7520.60205078125,5.75
2024-10-14,103.30000305175781,2647.800048828125,15562.0,7559.65478515625,5.75
2024-10-15,103.26000213623047,2661.39990234375,15573.0,7626.951171875,5.75
2024-10-16,103.58999633789062,2674.0,15578.599609375,7648.93994140625,5.75
2024-10-17,103.83000183105469,2691.0,15583.900390625,7735.0390625,5.75
2024-10-18,103.48999786376953,2713.699951171875,15493.0,7760.06005859375,5.75
2024-10-21,104.01000213623047,2723.10009765625,15467.0,7772.59619140625,5.75
2024-10-22,104.08000183105469,2744.199951171875,15556.0,7788.98291015625,5.75
2024-10-23,104.43000030517578,2714.39990234375,15586.0,7787.56494140625,5.75
2024-10-24,104.05999755859375,2734.89990234375,15663.0,7716.548828125,5.75
2024-10-25,104.26000213623047,2740.89990234375,15621.5,7694.66015625,5.75
2024-10-28,104.31999969482422,2742.89990234375,15688.099609375,7634.630859375,5.75
2024-10-29,104.27999877929688,2768.39990234375,15747.0,7606.60009765625,5.75
2024-10-30,103.98999786376953,2788.5,15768.0,7569.85009765625,5.75
2024-10-31,103.9800033569336,2738.300048828125,15695.5,7574.01904296875,5.75
2024-11-01,104.27999877929688,2738.60009765625,15713.0,7505.2568359375,5.75
2024-11-04,103.88999938964844,2736.10009765625,15842.0,7479.5029296875,5.75
2024-11-05,103.41999816894531,2740.300048828125,15790.0,7491.93115234375,5.75
2024-11-06,105.08999633789062,2667.60009765625,15665.0,7383.8681640625,5.75
2024-11-07,104.51000213623047,2698.39990234375,15818.2001953125,7243.85986328125,5.75
2024-11-08,105.0,2687.5,15558.0,7287.19091796875,5.75
2024-11-11,105.54000091552734,2611.199951171875,15647.2001953125,7266.4599609375,5.75
2024-11-12,106.0199966430664,2600.0,15765.0,7321.98583984375,5.75
2024-11-13,106.4800033569336,2580.800048828125,15788.900390625,7308.6708984375,5.75
2024-11-14,106.66999816894531,2568.199951171875,15847.2001953125,7214.56103515625,5.75
2024-11-15,106.69000244140625,2565.699951171875,15933.2998046875,7161.2578125,5.75
2024-11-18,106.27999877929688,2610.60009765625,15891.2998046875,7134.27685546875,5.75
2024-11-19,106.20999908447266,2627.10009765625,15806.099609375,7195.71484375,5.75
2024-11-20,106.68000030517578,2648.199951171875,15817.099609375,7180.3349609375,5.75
2024-11-21,106.97000122070312,2672.10009765625,15913.0,7140.912109375,5.75
2024-11-22,107.48999786376953,2709.89990234375,15816.900390625,7195.56494140625,5.75
2024-11-25,106.81999969482422,2616.800048828125,15940.0,7314.10791015625,5.75
2024-11-26,107.01000213623047,2620.300048828125,15901.2001953125,7245.88818359375,5.75
2024-11-29,105.73999786376953,2657.0,15878.0,7114.26611328125,5.75
2024-12-02,106.44999694824219,2634.89990234375,15829.0,7046.98583984375,5.75
2024-12-03,106.37000274658203,2644.699951171875,15910.0,7196.01708984375,5.75
2024-12-04,106.33999633789062,2653.800048828125,15940.0,7326.76416015625,5.75
2024-12-05,105.70999908447266,2626.60009765625,15906.599609375,7313.31298828125,5.75
2024-12-06,105.97000122070312,2638.60009765625,15839.7998046875,7382.78515625,5.75
2024-12-09,106.1500015258789,2664.89990234375,15825.7998046875,7437.73095703125,5.75
2024-12-10,106.4000015258789,2697.60009765625,15864.0,7453.287109375,5.75
2024-12-11,106.70999908447266,2733.800048828125,15908.0,7464.751953125,5.75
2024-12-12,106.95999908447266,2687.5,15963.0,7394.23779296875,5.75
2024-12-13,107.0,2656.0,15967.400390625,7324.7890625,5.75
2024-12-16,106.86000061035156,2651.39990234375,16025.7998046875,7258.630859375,5.75
2024-12-17,106.95999908447266,2644.39990234375,15955.0,7157.73193359375,5.75
2024-12-18,108.02999877929688,2636.5,15926.2001953125,7107.875,5.75
2024-12-19,108.41000366210938,2592.199951171875,16145.2998046875,6977.23779296875,5.75
2024-12-20,107.62000274658203,2628.699951171875,15981.2998046875,6983.865234375,5.75
2024-12-23,108.04000091552734,2612.300048828125,16159.2998046875,7096.44482421875,5.75
2024-12-24,108.26000213623047,2620.0,16217.599609375,7065.74609375,5.75
2024-12-27,108.0,2617.199951171875,16189.0,7036.57080078125,5.75
2024-12-30,108.12999725341797,2606.10009765625,16178.0,7079.90478515625,5.75
2025-01-02,109.38999938964844,2658.89990234375,16230.5,7163.205078125,5.75
2025-01-03,108.94999694824219,2645.0,16201.099609375,7164.42919921875,5.75
2025-01-06,108.26000213623047,2638.39990234375,16178.7998046875,7080.47412109375,5.75
2025-01-07,108.54000091552734,2656.699951171875,16179.099609375,7083.2841796875,5.75
2025-01-08,109.08999633789062,2664.5,16157.7001953125,7080.35205078125,5.75
2025-01-09,109.18000030517578,2683.800048828125,16187.599609375,7064.587890625,5.75
2025-01-10,109.6500015258789,2708.5,16237.0,7088.8662109375,5.75
2025-01-13,109.95999908447266,2673.5,16268.0,7016.87890625,5.75
2025-01-14,109.2699966430664,2677.5,16295.2001953125,6956.6650390625,5.75
2025-01-15,109.08999633789062,2712.5,16320.0,7079.56201171875,5.75
2025-01-16,108.95999908447266,2746.39990234375,16360.7998046875,7107.51904296875,5.75
2025-01-17,109.3499984741211,2744.300048828125,16368.7998046875,7154.658203125,5.75
2025-01-21,108.05999755859375,2755.0,16245.0,7181.81982421875,5.75
2025-01-22,108.16999816894531,2767.60009765625,16330.7998046875,7257.1279296875,5.75
2025-01-23,108.05000305175781,2763.10009765625,16232.7998046875,7232.64306640625,5.75
2025-01-24,107.44000244140625,2777.300048828125,16230.900390625,7166.05615234375,5.75
2025-01-30,107.80000305175781,2823.0,16238.0,7073.47802734375,5.75
2025-01-31,108.37000274658203,2812.5,16274.5,7109.19580078125,5.75
2025-02-03,108.98999786376953,2833.89990234375,16341.2998046875,7030.05810546875,5.75
2025-02-04,107.95999908447266,2853.300048828125,16320.0,7073.458984375,5.75
2025-02-05,107.58000183105469,2871.60009765625,16299.099609375,7024.22802734375,5.75
2025-02-06,107.69000244140625,2856.0,16298.099609375,6875.5361328125,5.75
2025-02-07,108.04000091552734,2867.300048828125,16327.0,6742.576171875,5.75
2025-02-10,108.31999969482422,2914.300048828125,16314.7001953125,6648.14208984375,5.75
2025-02-11,107.95999908447266,2912.5,16330.099609375,6531.990234375,5.75
2025-02-12,107.94000244140625,2909.0,16343.2998046875,6645.77783203125,5.75
2025-02-13,107.30999755859375,2925.89990234375,16375.0,6613.56787109375,5.75
2025-02-14,106.56999969482422,2883.60009765625,16219.0,6638.458984375,5.75
2025-02-18,107.05000305175781,2931.60009765625,16220.0,6873.55419921875,5.75
2025-02-19,107.16999816894531,2919.39990234375,16317.0,6794.8681640625,5.75
2025-02-20,106.33999633789062,2940.0,16346.400390625,6788.0419921875,5.75
2025-02-21,106.61000061035156,2937.60009765625,16245.099609375,6803.0009765625,5.75
2025-02-24,106.5999984741211,2947.89990234375,16278.0,6749.60107421875,5.75
2025-02-25,106.30999755859375,2904.5,16279.2998046875,6587.0869140625,5.75
2025-02-26,106.41999816894531,2916.800048828125,16314.0,6606.17822265625,5.75
2025-02-27,107.23999786376953,2883.199951171875,16367.400390625,6485.4482421875,5.75
2025-02-28,107.61000061035156,2836.800048828125,16553.69921875,6270.59716796875,5.75
2025-03-03,106.75,2890.199951171875,16522.0,6519.658203125,5.75
2025-03-04,105.73999786376953,2909.60009765625,16451.19921875,6380.40087890625,5.75
2025-03-05,105.73999786376953,2915.300048828125,16379.0,6531.39892578125,5.75
2025-03-06,104.05999755859375,2916.60009765625,16268.900390625,6617.84716796875,5.75
2025-03-07,103.83999633789062,2904.699951171875,16322.099609375,6636.0,5.75
2025-03-10,103.91000366210938,2891.0,16292.599609375,6598.2119140625,5.75
2025-03-11,103.44000244140625,2912.89990234375,16324.0,6545.85009765625,5.75
2025-03-12,103.61000061035156,2939.10009765625,16433.900390625,6665.044921875,5.75
2025-03-13,103.83000183105469,2984.300048828125,16305.599609375,6647.4169921875,5.75
2025-03-14,103.72000122070312,2994.5,16259.2998046875,6515.630859375,5.75
2025-03-17,103.37000274658203,3000.0,16321.0,6471.94677734375,5.75
2025-03-18,103.23999786376953,3035.10009765625,16370.0,6223.38818359375,5.75
2025-03-19,103.43000030517578,3035.89990234375,16514.5,6311.66015625,5.75
2025-03-20,103.8499984741211,3040.0,16330.2998046875,6381.673828125,5.75
2025-03-21,104.08999633789062,3018.199951171875,16428.5,6258.17919921875,5.75
2025-03-24,104.26000213623047,3013.10009765625,16519.0,6161.2177734375,5.75
2025-03-25,104.18000030517578,3023.699951171875,16575.80078125,6235.619140625,5.75
2025-03-26,104.55000305175781,3020.89990234375,16621.0,6472.35595703125,5.75
2025-03-27,104.06999969482422,3060.199951171875,16629.0,6510.6201171875,5.75
2025-04-08,102.95999908447266,2968.39990234375,16855.69921875,5996.14208984375,5.75
2025-04-09,102.9000015258789,3056.5,17051.900390625,5967.98779296875,5.75
2025-04-10,100.87000274658203,3155.199951171875,16805.5,6254.02392578125,5.75
2025-04-11,99.77999877929688,3222.199951171875,16833.80078125,6262.22607421875,5.75
2025-04-14,99.63999938964844,3204.800048828125,16788.0,6368.51708984375,5.75
2025-04-15,100.22000122070312,3218.699951171875,16780.0,6441.68310546875,5.75
2025-04-16,99.37999725341797,3326.60009765625,16813.5,6400.05419921875,5.75
2025-04-17,99.37999725341797,3308.699951171875,16794.599609375,6438.26904296875,5.75
2025-04-22,98.91999816894531,3400.800048828125,16814.900390625,6538.26611328125,5.75
2025-04-23,99.83999633789062,3276.300048828125,16858.099609375,6634.376953125,5.75
2025-04-24,99.29000091552734,3332.0,16846.0,6613.47802734375,5.75
2025-04-25,99.47000122070312,3282.39990234375,16778.5,6678.9150390625,5.75
2025-04-28,99.01000213623047,3332.5,16823.0,6722.9658203125,5.75
2025-04-29,99.23999786376953,3318.800048828125,16795.0,6749.0751953125,5.75
2025-04-30,99.47000122070312,3305.0,16711.900390625,6766.794921875,5.75
2025-05-02,100.0,3231.89990234375,16606.0,6815.72998046875,5.75
2025-05-05,99.83000183105469,3311.300048828125,16460.0,6831.9521484375,5.75
2025-05-06,99.23999786376953,3411.39990234375,16421.5,6898.19677734375,5.75
2025-05-07,99.61000061035156,3381.39990234375,16432.0,6926.22509765625,5.75
2025-05-08,100.63999938964844,3296.60009765625,16492.599609375,6827.75,5.75
2025-05-09,100.33999633789062,3335.39990234375,16538.30078125,6832.80322265625,5.75
2025-05-14,101.04000091552734,3181.39990234375,16599.400390625,6979.8798828125,5.75
2025-05-15,100.87999725341797,3220.699951171875,16558.19921875,7040.1611328125,5.75
2025-05-16,101.08999633789062,3182.0,16511.80078125,7106.52587890625,5.75
2025-05-19,100.43000030517578,3228.89990234375,16487.0,7141.0908203125,5.75
2025-05-20,100.12000274658203,3280.300048828125,16428.0,7094.60205078125,5.75
2025-05-21,99.55999755859375,3309.300048828125,16403.0,7142.4609375,5.75
2025-05-22,99.95999908447266,3292.300048828125,16347.599609375,7166.98095703125,5.75
2025-05-23,99.11000061035156,3363.60009765625,16356.900390625,7214.1630859375,5.75
2025-05-27,99.5199966430664,3299.10009765625,16243.5,7198.966796875,5.75
2025-05-28,99.87999725341797,3293.60009765625,16279.0,7175.81884765625,5.75
2025-06-02,98.69999694824219,3370.60009765625,16322.0,7065.06884765625,5.75
2025-06-03,99.25,3350.199951171875,16288.5,7044.82177734375,5.75
2025-06-04,98.79000091552734,3373.5,16332.400390625,7069.037109375,5.75
2025-06-05,98.73999786376953,3350.699951171875,16291.5,7113.4248046875,5.75
2025-06-10,99.05000305175781,3320.89990234375,16278.7998046875,7230.7451171875,5.75
2025-06-11,98.62999725341797,3321.300048828125,16247.7998046875,7222.4560546875,5.75
2025-06-12,97.91999816894531,3380.89990234375,15778.0,7204.3701171875,5.75
2025-06-13,98.18000030517578,3431.199951171875,16164.5,7166.06494140625,5.75
2025-06-16,98.0,3396.39990234375,16282.599609375,7117.5908203125,5.75
2025-06-17,98.81999969482422,3386.60009765625,15801.0,7155.85205078125,5.75
2025-06-18,98.91000366210938,3389.800048828125,16275.0,7107.7890625,5.75
2025-06-20,98.70999908447266,3368.10009765625,16390.0,6907.13818359375,5.75
2025-06-23,98.41999816894531,3377.699951171875,16431.0,6787.14013671875,5.75
2025-06-24,97.86000061035156,3317.39990234375,16370.0,6869.1708984375,5.75
2025-06-25,97.68000030517578,3327.10009765625,16290.0,6832.14306640625,5.75
2025-06-26,97.1500015258789,3333.5,16290.0,6897.39990234375,5.75
2025-06-30,96.87999725341797,3294.39990234375,16229.0,6927.67919921875,5.75
2025-07-01,96.81999969482422,3336.699951171875,16230.0,6915.35986328125,5.75
2025-07-02,96.77999877929688,3348.0,16236.400390625,6881.2451171875,5.75
2025-07-03,97.18000030517578,3331.60009765625,16235.0,6878.05078125,5.75
2025-07-07,97.4800033569336,3332.199951171875,16178.0,6900.93212890625,5.75
2025-07-08,97.51000213623047,3307.0,16318.900390625,6904.39208984375,5.75
2025-07-09,97.47000122070312,3311.60009765625,16261.0,6943.921875,5.75
2025-07-10,97.6500015258789,3317.39990234375,16235.0,7005.37109375,5.75
2025-07-11,97.8499984741211,3356.0,16209.099609375,7047.43798828125,5.75
2025-07-14,98.08000183105469,3351.5,16222.0,7097.15087890625,5.75
2025-07-15,98.62000274658203,3329.800048828125,16256.2001953125,7140.47412109375,5.75
2025-07-16,98.38999938964844,3352.5,16252.099609375,7192.01806640625,5.75
2025-07-17,98.7300033569336,3340.10009765625,16271.2001953125,7287.02099609375,5.75
2025-07-18,98.4800033569336,3353.0,16329.7001953125,7311.9150390625,5.75
2025-07-21,97.8499984741211,3401.89990234375,16321.0,7398.19189453125,5.75
2025-07-22,97.38999938964844,3439.199951171875,16329.5,7344.73583984375,5.75
2025-07-23,97.20999908447266,3394.10009765625,16245.2998046875,7469.22998046875,5.75
2025-07-24,97.37999725341797,3371.0,16266.099609375,7530.90185546875,5.75
2025-07-25,97.6500015258789,3334.0,16307.0,7543.5029296875,5.75
2025-07-28,98.66000366210938,3309.10009765625,16353.0,7614.76806640625,5.75
2025-07-29,98.91000366210938,3323.39990234375,16398.80078125,7617.9072265625,5.75
2025-07-30,99.94000244140625,3295.800048828125,16367.900390625,7549.88818359375,5.75
2025-07-31,100.02999877929688,3293.199951171875,16426.80078125,7484.3369140625,5.75
2025-08-01,98.69000244140625,3347.699951171875,16483.0,7537.76806640625,5.75
2025-08-04,98.77999877929688,3374.39990234375,16483.0,7464.64501953125,5.75
2025-08-05,98.77999877929688,3381.89990234375,16362.0,7515.18505859375,5.75
2025-08-06,98.18000030517578,3380.0,16377.5,7503.75,5.75
2025-08-07,98.4000015258789,3400.300048828125,16334.7001953125,7490.18310546875,5.75
2025-08-08,98.18000030517578,3439.10009765625,16300.0,7533.384765625,5.75
2025-08-11,98.5199966430664,3353.10009765625,16249.0,7605.9248046875,5.75
2025-08-12,98.0999984741211,3348.89990234375,16298.0,7791.69677734375,5.75
2025-08-13,97.83999633789062,3358.699951171875,16248.2001953125,7892.9111328125,5.75
2025-08-14,98.25,3335.199951171875,16109.0,7931.2509765625,5.75
2025-08-15,97.8499984741211,3336.0,16169.0,7898.375,5.75
2025-08-19,98.2699966430664,3313.39990234375,16205.400390625,7862.94921875,5.75
2025-08-20,98.22000122070312,3343.39990234375,16275.2001953125,7943.8251953125,5.75
2025-08-21,98.62000274658203,3336.89990234375,16263.599609375,7890.71484375,5.75
2025-08-22,97.72000122070312,3374.39990234375,16339.7001953125,7858.85107421875,5.75
2025-08-25,98.43000030517578,3373.800048828125,16227.0,7926.9072265625,5.75
2025-08-26,98.2300033569336,3388.60009765625,16267.0,7905.7568359375,5.75
2025-08-27,98.2300033569336,3404.60009765625,16299.2001953125,7936.17578125,5.75
2025-08-28,97.80999755859375,3431.800048828125,16314.0,7952.087890625,5.75
2025-08-29,97.7699966430664,3473.699951171875,16344.2998046875,7830.4931640625,5.75
2025-09-02,98.4000015258789,3549.39990234375,16405.19921875,7801.5849609375,5.75
2025-09-03,98.13999938964844,3593.199951171875,16443.900390625,7885.86279296875,5.75
2025-09-04,98.3499984741211,3565.800048828125,16463.0,7867.34814453125,5.75
2025-09-08,97.44999694824219,3638.10009765625,16392.0,7766.84912109375,5.75
2025-09-09,97.79000091552734,3643.300048828125,16446.099609375,7628.60498046875,5.75
2025-09-10,97.77999877929688,3643.60009765625,16449.900390625,7699.0068359375,5.75
2025-09-11,97.54000091552734,3636.89990234375,16439.0,7747.90478515625,5.75
2025-09-12,97.55000305175781,3649.39990234375,16413.599609375,7854.06005859375,5.75
2025-09-15,97.30000305175781,3682.199951171875,16401.0,7937.1181640625,5.75
2025-09-16,96.62999725341797,3688.89990234375,16364.599609375,7957.69580078125,5.75
2025-09-17,96.87000274658203,3681.800048828125,16398.099609375,8025.17919921875,5.75
2025-09-18,97.3499984741211,3643.699951171875,16418.599609375,8008.43310546875,5.75
2025-09-19,97.63999938964844,3671.5,16569.099609375,8051.1181640625,5.75
2025-09-22,97.33000183105469,3740.699951171875,16637.0,8040.0390625,5.75
2025-09-23,97.26000213623047,3780.60009765625,16582.0,8125.201171875,5.75
2025-09-24,97.87000274658203,3732.10009765625,16633.0,8126.55810546875,5.75
2025-09-25,98.55000305175781,3736.89990234375,16695.099609375,8040.6650390625,5.75
2025-09-26,98.1500015258789,3775.300048828125,16759.099609375,8099.3330078125,5.75
2025-09-29,97.91000366210938,3820.89990234375,16723.0,8123.2451171875,5.75
2025-09-30,97.7699966430664,3840.800048828125,16628.0,8061.06201171875,5.75
2025-10-01,97.70999908447266,3867.5,16683.0,8043.82177734375,5.75
2025-10-02,97.8499984741211,3839.699951171875,16644.099609375,8071.0810546875,5.75
2025-10-03,97.72000122070312,3880.800048828125,16601.5,8118.30078125,5.75
2025-10-06,98.11000061035156,3948.5,16558.0,8139.89404296875,5.75
2025-10-07,98.58000183105469,3976.60009765625,16596.5,8169.28076171875,5.75
2025-10-08,98.8499984741211,4043.300048828125,16587.0,8166.02880859375,5.75
2025-10-09,99.54000091552734,3946.300048828125,16556.0,8250.9384765625,5.75
2025-10-10,98.9800033569336,3975.89990234375,16577.69921875,8257.859375,5.75
2025-10-13,99.2699966430664,4108.60009765625,16598.0,8227.2021484375,5.75
2025-10-14,99.05000305175781,4138.7001953125,16548.0,8066.52197265625,5.75
2025-10-15,98.79000091552734,4176.89990234375,16585.900390625,8051.1748046875,5.75
2025-10-16,98.38999938964844,4280.2001953125,16575.0,8124.7568359375,5.75
2025-10-17,98.43000030517578,4189.89990234375,16561.900390625,7915.65576171875,5.75
2025-10-20,98.58999633789062,4336.39990234375,16566.0,8088.97802734375,5.75
2025-10-21,98.93000030517578,4087.699951171875,16542.0,8238.083984375,5.75
2025-10-22,98.9000015258789,4044.39990234375,16598.900390625,8152.55322265625,5.75
2025-10-23,98.94000244140625,4125.5,16596.599609375,8274.3515625,5.75
2025-10-24,98.94999694824219,4118.39990234375,16593.80078125,8271.7216796875,5.75
2025-10-27,98.77999877929688,4001.89990234375,16597.80078125,8117.15087890625,5.75
2025-10-28,98.69000244140625,3966.199951171875,16158.2001953125,8092.62890625,5.75
2025-10-29,99.22000122070312,3983.699951171875,16561.779296875,8166.22412109375,5.75
2025-10-30,99.52999877929688,4001.300048828125,16562.0,8184.06396484375,5.75
2025-10-31,99.80000305175781,3982.199951171875,16150.0,8163.875,5.75
2025-11-03,99.87000274658203,4000.300048828125,16630.0,8275.083984375,5.75
2025-11-04,100.22000122070312,3947.699951171875,16640.900390625,8241.9111328125,5.75
2025-11-05,100.19999694824219,3980.300048828125,16707.0,8318.5263671875,5.75
2025-11-06,99.7300033569336,3979.89990234375,16669.0,8337.0576171875,5.75
2025-11-07,99.5999984741211,3999.39990234375,16694.099609375,8394.58984375,5.75
2025-11-10,99.62000274658203,4111.7998046875,16653.0,8391.240234375,5.75
2025-11-11,99.45999908447266,4106.7998046875,16690.0,8366.5146484375,5.75
2025-11-12,99.4800033569336,4204.39990234375,16694.900390625,8388.56640625,5.75
2025-11-13,99.18000030517578,4186.89990234375,16729.0,8371.9990234375,5.75
2025-11-14,99.2699966430664,4087.60009765625,16719.0,8370.435546875,5.75
2025-11-17,99.58999633789062,4068.300048828125,16679.5,8416.8818359375,5.75
2025-11-18,99.55000305175781,4061.300048828125,16738.900390625,8361.92578125,5.75
2025-11-19,100.2300033569336,4077.699951171875,16727.69921875,8406.5771484375,5.75
2025-11-20,100.16000366210938,4056.5,16686.69921875,8419.9169921875,5.75
2025-11-21,100.18000030517578,4076.699951171875,16731.0,8414.3515625,5.75
2025-11-24,100.13999938964844,4091.89990234375,16639.0,8570.25390625,5.75
2025-11-25,99.66000366210938,4139.2001953125,16645.0,8521.884765625,5.75
2025-11-26,99.5999984741211,4165.2001953125,16633.5,8602.1298828125,5.75
2025-11-28,99.45999908447266,4218.2998046875,16603.900390625,8508.7060546875,5.75
2025-12-01,99.41000366210938,4239.2998046875,16635.0,8548.7880859375,5.75
2025-12-02,99.36000061035156,4186.60009765625,16609.0,8617.04296875,5.75
2025-12-03,98.8499984741211,4199.2998046875,16609.900390625,8611.787109375,5.75
2025-12-04,98.98999786376953,4211.7998046875,16594.0,8640.1962890625,5.75
2025-12-05,98.98999786376953,4212.89990234375,16654.400390625,8632.7607421875,5.75
2025-12-08,99.08999633789062,4187.2001953125,16683.0,8710.6953125,5.75
2025-12-09,99.22000122070312,4206.7001953125,16686.0,8657.1787109375,5.75
2025-12-10,98.79000091552734,4196.39990234375,16662.0,8700.923828125,5.75
2025-12-11,98.3499984741211,4285.5,16639.0,8620.4814453125,5.75
2025-12-12,98.4000015258789,4300.10009765625,16649.0,8660.4990234375,5.75
2025-12-15,98.1500015258789,4306.7001953125,16623.099609375,8649.662109375,5.75
2025-12-16,98.1500015258789,4304.5,16645.80078125,8686.46875,5.75
2025-12-17,98.37000274658203,4347.5,16644.599609375,8677.3447265625,5.75
2025-12-18,98.43000030517578,4339.5,16657.0,8618.1953125,5.75
2025-12-19,98.5999984741211,4361.39990234375,16685.19921875,8609.55078125,5.75
2025-12-22,98.29000091552734,4444.60009765625,16678.5,8645.84375,5.75
2025-12-23,97.94000244140625,4482.7998046875,16756.400390625,8584.7822265625,5.75
2025-12-24,97.9800033569336,4480.60009765625,16735.0,8537.9111328125,5.75
2025-12-29,98.04000091552734,4325.10009765625,16741.099609375,8644.255859375,5.75
2025-12-30,98.23999786376953,4370.10009765625,16770.0,8646.9384765625,5.75
2026-01-02,98.41999816894531,4314.39990234375,16668.0,8748.1318359375,5.75
2026-01-05,98.2699966430664,4436.89990234375,16683.0,8859.19140625,5.75
2026-01-06,98.58000183105469,4482.2001953125,16727.19921875,8933.609375,5.75
2026-01-07,98.68000030517578,4449.2998046875,16742.0,8944.8134765625,5.75
2026-01-08,98.93000030517578,4449.7001953125,16753.0,8925.470703125,5.75
2026-01-09,99.12999725341797,4490.2998046875,16805.69921875,8936.75390625,5.75
2026-01-12,98.86000061035156,4604.2998046875,16826.69921875,8884.72265625,5.75
2026-01-13,99.12999725341797,4589.2001953125,16859.400390625,8948.302734375,5.75
2026-01-14,99.12999725341797,4626.2998046875,16840.80078125,9032.583984375,5.75
2026-01-15,99.31999969482422,4616.2998046875,16845.099609375,9075.40625,5.75
2026-01-20,98.63999938964844,4759.60009765625,16939.0,9134.7001953125,5.75
2026-01-21,98.76000213623047,4831.7998046875,16960.099609375,9010.330078125,5.75
2026-01-22,98.36000061035156,4908.7998046875,16897.0,8992.1826171875,5.75
2026-01-23,97.5999984741211,4976.2001953125,16820.0,8951.009765625,5.75
2026-01-26,97.04000091552734,5079.7001953125,16770.0,8975.333984375,5.75
2026-01-27,96.22000122070312,5079.89990234375,16734.0,8980.23046875,5.75
2026-01-28,96.44999694824219,5301.60009765625,16674.69921875,8320.5556640625,5.75
2026-01-29,96.27999877929688,5318.39990234375,16722.80078125,8232.203125,5.75
2026-01-30,96.98999786376953,4713.89990234375,16778.30078125,8329.6064453125,5.75
2026-02-02,97.61000061035156,4622.5,16758.400390625,7922.73095703125,5.75
2026-02-03,97.44000244140625,4903.7001953125,16758.400390625,8122.59716796875,5.75
2026-02-04,97.62000274658203,4920.39990234375,16759.0,8146.716796875,5.75
2026-02-05,97.81999969482422,4861.39990234375,16800.0,8103.87890625,5.75
2026-02-06,97.62999725341797,4951.2001953125,16879.900390625,7935.259765625,5.75
2026-02-09,96.81999969482422,5050.89990234375,16843.5,8031.8740234375,5.75
2026-02-10,96.80000305175781,5003.7998046875,16796.0,8131.73779296875,5.75
2026-02-11,96.83000183105469,5071.60009765625,16778.0,8290.9658203125,5.75
2026-02-12,96.93000030517578,4923.7001953125,16793.900390625,8265.3515625,5.75
2026-02-13,96.87999725341797,5022.0,16809.0,8212.271484375,5.75
2026-02-18,97.69999694824219,4986.5,16840.0,8310.2265625,5.75
2026-02-19,97.93000030517578,4975.89990234375,16915.30078125,8274.0810546875,5.75
2026-02-20,97.80000305175781,5059.2998046875,16887.19921875,8271.7666015625,5.75
2026-02-23,97.69999694824219,5204.7001953125,16843.400390625,8396.08203125,5.75
2026-02-24,97.87999725341797,5155.7998046875,16804.30078125,8280.8330078125,5.75
2026-02-25,97.69999694824219,5206.39990234375,16816.80078125,8322.228515625,5.75
2026-02-26,97.79000091552734,5176.5,16749.80078125,8235.26171875,5.75
2026-02-27,97.61000061035156,5230.5,16749.0,8235.4853515625,5.75
2026-03-02,98.37999725341797,5294.39990234375,16795.0,8016.8330078125,5.75
2026-03-03,99.05000305175781,5107.39990234375,16863.0,7939.76708984375,5.75
2026-03-04,98.7699966430664,5120.2001953125,16898.099609375,7577.06396484375,5.75
2026-03-05,99.31999969482422,5065.2998046875,16865.0,7710.537109375,5.75
2026-03-06,98.98999786376953,5146.10009765625,16913.099609375,7585.68701171875,5.75
2026-03-09,99.18000030517578,5091.5,16923.69921875,7337.369140625,5.75
2026-03-10,98.83000183105469,5229.7001953125,16886.0,7440.9130859375,5.75
2026-03-11,99.2300033569336,5167.39990234375,16852.0,7389.39892578125,5.75
2026-03-12,99.73999786376953,5115.7998046875,16884.0,7362.1171875,5.75
2026-03-13,100.36000061035156,5052.5,16908.0,7137.2119140625,5.75
2026-03-16,99.70999908447266,4994.0,16952.099609375,7022.2880859375,5.75
2026-03-17,99.58000183105469,5001.0,16953.099609375,7106.8388671875,5.75
2026-03-25,99.5999984741211,4549.7998046875,16797.30078125,7302.12109375,5.75
2026-03-26,99.9000015258789,4375.5,16749.599609375,7164.0908203125,5.75
2026-03-27,100.1500015258789,4492.0,16925.0,7097.05712890625,5.75
2026-03-30,100.51000213623047,4526.0,16958.0,7091.669921875,5.75
2026-03-31,99.95999908447266,4647.60009765625,16975.400390625,7048.22216796875,5.75
2026-04-01,99.6500015258789,4783.2001953125,16936.400390625,7184.43798828125,5.75
2026-04-02,100.02999877929688,4651.5,16924.099609375,7026.7822265625,5.75
2026-04-06,99.9800033569336,4656.7998046875,16988.0,6989.42578125,5.75
2026-04-07,99.63999938964844,4657.10009765625,17015.30078125,6971.02685546875,5.75
2026-04-08,99.12999725341797,4749.5,17027.400390625,7279.208984375,5.75
2026-04-09,98.81999969482422,4792.2001953125,17005.5,7307.5888671875,5.75
2026-04-10,98.6500015258789,4761.89990234375,17059.0,7458.49609375,5.75
2026-04-13,98.37000274658203,4742.39990234375,17083.0,7500.18701171875,5.75
2026-04-14,98.12000274658203,4825.0,17079.19921875,7675.951171875,5.75
2026-04-15,98.05999755859375,4800.0,17129.0,7623.5859375,5.75
2026-04-16,98.22000122070312,4785.39990234375,17146.099609375,7621.3818359375,5.75
2026-04-17,98.0999984741211,4857.60009765625,17123.0,7634.00390625,5.75
2026-04-20,98.05000305175781,4806.60009765625,17133.0,7594.11083984375,5.75
2026-04-21,98.41000366210938,4698.39990234375,17123.80078125,7559.3798828125,5.75
2026-04-22,98.58999633789062,4732.5,17133.099609375,7541.61181640625,5.75
2026-04-23,98.80000305175781,4705.10009765625,17199.5,7378.60595703125,5.75
2026-04-24,98.51000213623047,4722.2998046875,17329.0,7129.490234375,5.75
2026-04-27,98.4800033569336,4675.39990234375,17246.0,7106.52001953125,5.75
2026-04-28,98.62000274658203,4591.5,17216.0,7072.39208984375,5.75
2026-04-29,98.91999816894531,4545.2001953125,17244.0,7101.22607421875,5.75
2026-04-30,98.08000183105469,4614.7001953125,17334.19921875,6956.80419921875,5.75
2026-05-04,98.47000122070312,4519.5,17288.5,6971.953125,5.75
2026-05-05,98.4800033569336,4555.7998046875,17346.19921875,7057.10595703125,5.75
2026-05-06,98.0199966430664,4681.89990234375,17389.80078125,7092.466796875,5.75
2026-05-07,98.25,4699.7998046875,17296.900390625,7174.32080078125,5.75
2026-05-08,97.83999633789062,4720.39990234375,17294.900390625,6969.39599609375,5.75
2026-05-11,97.94000244140625,4718.7001953125,17358.0,6905.6201171875,5.75
2026-05-12,98.29000091552734,4677.60009765625,17413.0,6858.89892578125,5.75
2026-05-13,98.4800033569336,4697.7001953125,17549.0,6723.31982421875,5.75
2026-05-18,98.97000122070312,4552.5,17586.0,6599.240234375,5.75
2026-05-19,99.30000305175781,4506.2998046875,17701.0,6370.67919921875,5.75
2026-05-20,99.11000061035156,4531.2998046875,17777.0,6318.5,5.75
2026-05-21,99.19000244140625,4539.7998046875,17658.400390625,6094.94091796875,5.75
2026-05-22,99.31999969482422,4521.0,17692.0,6162.044921875,5.75
2026-05-26,99.16999816894531,4500.39990234375,17762.0,6130.18994140625,5.75
2026-05-29,98.91000366210938,4560.5,17840.0,6127.380859375,5.75
2026-06-02,99.22000122070312,4489.10009765625,17864.0,6195.4267578125,5.75
2026-06-03,99.52999877929688,4436.7001953125,17858.0,5941.06591796875,5.75
2026-06-04,99.41000366210938,4475.7998046875,18004.19921875,5839.78515625,5.75
2026-06-05,100.06999969482422,4337.10009765625,17955.5,5594.76513671875,5.75
2026-06-08,100.05000305175781,4335.89990234375,18029.0,5342.13720703125,5.75
2026-06-09,99.91000366210938,4260.0,18190.30078125,5746.64794921875,5.75
2026-06-10,99.94999694824219,4108.2001953125,18031.0,5902.3759765625,5.75
2026-06-11,99.86000061035156,4090.300048828125,17875.900390625,5886.0322265625,5.75
2026-06-12,99.75,4215.0,17921.0,6007.65576171875,5.75
2026-06-15,99.62999725341797,4328.0,17772.0,6254.9658203125,5.75
2026-06-17,100.08999633789062,4358.89990234375,17730.0,6220.740234375,5.75
2026-06-18,100.8499984741211,4224.10009765625,17891.0,6172.33984375,5.75
2026-06-22,101.0199966430664,4181.89990234375,17788.0,6116.68994140625,5.75
